{
  "project_info": {
    "project_number": "686226174171",
    "firebase_url": "https://basedados-projeto-pdm.firebaseio.com",
    "project_id": "basedados-projeto-pdm",
    "storage_bucket": "basedados-projeto-pdm.appspot.com"
  },
  "client": [
    {
      "client_info": {
        "mobilesdk_app_id": "1:686226174171:android:0841cfcfde768b7d2e1cfe",
        "android_client_info": {
          "package_name": "pmd.di.ubi.pt.projeto_v1"
        }
      },
      "oauth_client": [
        {
          "client_id": "686226174171-7natot4t3jdq718cub3lnbrcknsqurp9.apps.googleusercontent.com",
          "client_type": 3
        }
      ],
      "api_key": [
        {
          "current_key": "AIzaSyDnouH2tnQeuM8k8fc3jaj33bK0PUizF1Y"
        }
      ],
      "services": {
        "appinvite_service": {
          "other_platform_oauth_client": [
            {
              "client_id": "686226174171-7natot4t3jdq718cub3lnbrcknsqurp9.apps.googleusercontent.com",
              "client_type": 3
            }
          ]
        }
      }
    }
  ],
  "configuration_version": "1"
}